age_group,gender,avg_risk,patient_count,high_risk_count
0-20,Female,0.40825981308411213,107,22
0-20,Male,0.3771579545454546,88,18
21-40,Female,0.46518146487294465,669,179
21-40,Male,0.4481751902587519,657,163
41-60,Female,0.5531090047393364,633,257
41-60,Male,0.5605436363636364,660,278
61-80,Female,0.6288846497764531,671,356
61-80,Male,0.6548972932330828,665,415
81-100,Female,0.7222638095238095,420,311
81-100,Male,0.7422830232558139,430,335
